id;title;description;durationMinutes;movementType;intensity;suitableGoals;suitableWorkplaces;requiredSetup;suitablePhases;suitableWorkdayTypes;bodyArea;position;visibilityLevel;instructionStep1;instructionStep2;instructionStep3;instructionStep4;instructionStep5;instructionStep6;reason;explanation;similarityGroup;priority;migrationNote
neck-mobility-focus;Nacken kurz mobilisieren;Löse Schultern und Nacken mit einer kurzen Mobilisation direkt am Arbeitsplatz.;2;mobilize;gentle;back-neck|focus|habit;office|homeoffice;no-equipment;focus|between-tasks;focus-heavy|mixed-day;neck|shoulders;sitting;discreet;Setze dich aufrecht hin und stelle beide Füße stabil auf den Boden.;Lasse die Schultern locker nach unten sinken.;Neige den Kopf langsam zur rechten und danach zur linken Seite.;Drehe den Kopf anschließend langsam nach rechts und links.;Wiederhole jede Richtung ruhig und kontrolliert.;;Gut nach längerer Bildschirmarbeit.;Diese Empfehlung hilft dir, Nacken und Schultern nach Fokusphasen kurz zu entlasten.;neck-shoulder;92;requiredSetup 22 -> no-equipment
shoulder-circles-desk;Schultern kreisen lassen;Kreise die Schultern langsam nach hinten und vorne, ohne den Arbeitsfluss stark zu unterbrechen.;2;mobilize;gentle;back-neck|focus|habit;office|homeoffice;no-equipment;focus|meeting|between-tasks;focus-heavy|meeting-heavy|mixed-day;shoulders|upper-back;sitting;discreet;Setze dich aufrecht hin oder stelle dich locker an den Schreibtisch.;Lasse die Arme entspannt neben dem Körper hängen.;Kreise beide Schultern langsam nach hinten.;Wechsle danach die Richtung und kreise langsam nach vorne.;Halte die Bewegung klein, ruhig und gleichmäßig.;;Diskret und gut am Arbeitsplatz machbar.;Der Impuls passt, wenn Schultern und Haltung nach sitzender Arbeit kurz Aufmerksamkeit brauchen.;neck-shoulder;88;requiredSetup 22 -> no-equipment
seated-posture-reset;Sitzhaltung neu ausrichten;Rücke kurz vom Tisch weg, stelle beide Füße stabil auf und richte dich neu aus.;2;sit_reset;gentle;sit-less|back-neck|focus|habit;office|homeoffice;no-equipment;focus|meeting|between-tasks;focus-heavy|meeting-heavy|mixed-day;spine|lower-back|hips;sitting;discreet;Rücke ein kleines Stück vom Tisch weg.;Stelle beide Füße stabil und etwa hüftbreit auf den Boden.;Richte Becken, Rücken und Kopf bewusst neu aus.;Lasse die Schultern locker sinken.;Setze dich danach bewusst in einer leicht veränderten Position wieder an den Tisch.;;Hilft dir, langes Sitzen kurz zu unterbrechen.;Ein ruhiger Sitz-Reset bringt Bewegung in die Haltung, ohne dass du deinen Arbeitsplatz verlassen musst.;sit-reset;90;requiredSetup 22 -> no-equipment
breathing-reset;Atem-Reset im Stand;Stehe kurz auf, atme drei Mal ruhig ein und aus und öffne dabei sanft den Brustkorb.;2;breathing;gentle;focus|back-neck|habit;office|homeoffice;no-equipment;focus|between-tasks|meeting;focus-heavy|mixed-day;breathing|chest|shoulders;standing;normal;Stehe ruhig auf und stelle beide Füße stabil auf den Boden.;Richte den Oberkörper auf und öffne den Brustkorb leicht.;Atme langsam durch die Nase ein.;Atme ruhig und vollständig wieder aus.;Wiederhole drei bewusste Atemzüge und setze dich danach bewusst neu hin.;;Kurz, ruhig und passend nach Fokusphasen.;Der Atem-Reset schafft einen kleinen Wechsel, ohne aus dem Arbeitsmodus zu reißen.;calm-reset;86;requiredSetup 22 -> no-equipment
eyes-screen-break;Augenpause am Fenster;Blicke für kurze Zeit in die Ferne und löse den Blick bewusst vom Bildschirm.;2;sit_reset;gentle;focus|back-neck|habit;office|homeoffice;no-equipment;focus|between-tasks;focus-heavy|mixed-day;eyes;sitting;discreet;Löse den Blick bewusst vom Bildschirm.;Blicke aus dem Fenster oder auf einen entfernten Punkt im Raum.;Entspanne Stirn, Kiefer und Schultern.;Blinke einige Male langsam und bewusst.;Kehre danach mit frischem Blick zur Aufgabe zurück.;;Gut nach längerer Bildschirmarbeit.;Die Empfehlung ist unaufdringlich und passt besonders, wenn du konzentriert am Bildschirm gearbeitet hast.;screen-reset;89;"requiredSetup 22 -> no-equipment; movementType von eyes zu sit_reset verschoben; eyes liegt jetzt in bodyArea."
standing-reset-no-equipment;Kurzer Stand-Reset;Stehe auf, lockere die Beine und setze dich danach bewusst wieder anders hin.;2;stand;gentle;sit-less|habit|more-energy;office|homeoffice;no-equipment;focus|between-tasks|meeting;focus-heavy|meeting-heavy|mixed-day;legs|hips|whole-body;mixed;normal;Stehe ruhig vom Stuhl auf.;Stelle beide Füße stabil auf den Boden und lockere die Beine.;Verlagere das Gewicht langsam von einem Fuß auf den anderen.;Lasse die Schultern kurz locker kreisen.;Setze dich danach bewusst in einer leicht anderen Haltung wieder hin.;;Unterbricht eine Sitzphase ohne großen Aufwand.;Ein kurzer Standwechsel reicht oft, um aus statischem Sitzen herauszukommen.;stand-reset;87;requiredSetup 22 -> no-equipment
seated-spine-mobility;Mobilisation im Sitzen;Drehe den Oberkörper langsam nach rechts und links und bleibe dabei locker im Atem.;3;mobilize;gentle;back-neck|focus|habit;office|homeoffice;no-equipment;focus|meeting|between-tasks;focus-heavy|meeting-heavy|mixed-day;spine|upper-back|lower-back;sitting;discreet;Setze dich aufrecht hin und stelle beide Füße stabil auf.;Lege die Hände locker auf die Oberschenkel.;Drehe den Oberkörper langsam nach rechts.;Kehre zur Mitte zurück und drehe langsam nach links.;Wiederhole die Rotation ruhig mehrere Male.;;Passt gut, wenn du am Platz bleiben möchtest.;Die Bewegung bringt sanfte Rotation in den Oberkörper, ohne auffällig zu sein.;spine-mobility;84;requiredSetup 22 -> no-equipment
office-hallway-loop;Kurzer Weg durch den Flur;Nutze einen kurzen Weg im Büro, zum Drucker oder einmal durch den Flur.;4;walk;gentle;sit-less|more-energy|habit;office;hallway;between-tasks|phone|break;meeting-heavy|mixed-day;legs|whole-body;walking;normal;Stehe vom Arbeitsplatz auf.;Gehe in ruhigem Tempo einmal durch den Flur oder zu einem passenden Ziel.;Halte die Schultern locker und atme gleichmäßig.;Nutze den Weg bewusst als kurze Sitzunterbrechung.;Kehre anschließend ruhig an den Arbeitsplatz zurück.;;Nutze einen kurzen Weg im Büro, um eine längere Sitzphase zu unterbrechen.;Der Flur-Gang schafft Bewegung, ohne dass daraus eine lange Pause werden muss.;hallway-walk;93;
office-kitchen-printer-walk;Kleiner Büro-Weg;Verbinde einen ohnehin passenden Anlass mit ein paar ruhigen Schritten.;3;walk;gentle;sit-less|more-energy|habit;office;hallway;between-tasks|break;meeting-heavy|mixed-day;legs|whole-body;walking;normal;Wähle einen ohnehin passenden kurzen Anlass, zum Beispiel Küche oder Drucker.;Stehe auf und gehe in normalem, ruhigem Tempo los.;Bleibe nicht am Platz stehen, sondern nutze den Weg bewusst als Bewegung.;Gehe ohne Eile zurück.;Starte danach wieder mit einer aufgerichteten Haltung.;;Kurze Wege lassen sich im Büro gut als Microbreak nutzen.;Ein kleiner Gang zur Küche, zum Drucker oder durch den Flur unterbricht Sitzen niedrigschwellig.;hallway-walk;86;
office-stairs-light;Kurzer Treppenimpuls;Gehe ein paar Treppenstufen in ruhigem Tempo und beende den Impuls, bevor er anstrengend wird.;4;activate;balanced;more-energy|sit-less|habit;office|homeoffice;stairs;break|between-tasks|phone;meeting-heavy|mixed-day;legs|calves|whole-body;stairs;visible;Gehe zur nächstgelegenen Treppe.;Steige einige Stufen in ruhigem Tempo hoch oder runter.;Halte das Tempo so, dass du nicht außer Atem kommst.;Beende den Impuls bewusst frühzeitig.;Gehe ruhig zurück an den Arbeitsplatz.;;Ein kurzer Treppenimpuls aktiviert, ohne dass daraus ein Training werden muss.;Die Treppe eignet sich für einen kurzen Energieimpuls, wenn sie an deinem aktuellen Arbeitsort verfügbar ist.;stairs;94;
stairs-step-reset;Ruhige Step-ups;Steige kontrolliert auf eine niedrige Stufe und wieder herunter. Halte das Tempo ruhig.;5;activate;active;more-energy|habit;office|homeoffice;stairs;break;mixed-day;legs|calves|whole-body;stairs;visible;Stelle dich vor eine niedrige Stufe.;Steige kontrolliert mit einem Fuß auf die Stufe.;Setze den zweiten Fuß kurz dazu.;Steige langsam wieder herunter.;Wiederhole die Bewegung ruhig und ohne Tempo.;;Passt in eine aktive Pause, wenn du etwas mehr Bewegung möchtest.;Die Übung ist ein kurzer Aktivierungsimpuls und bleibt bewusst arbeitsalltagstauglich.;stairs;78;
walking-call-hallway;Walking Call;Gehe während eines Telefonats langsam einen kurzen Weg und halte das Tempo entspannt.;8;walk;gentle;sit-less|more-energy|habit;office|homeoffice;hallway;phone;meeting-heavy|mixed-day;legs|whole-body;walking;normal;Prüfe kurz, ob das Telefonat für langsames Gehen geeignet ist.;Stehe auf und gehe in sehr ruhigem Tempo los.;Wähle einen kurzen, störungsarmen Weg.;Halte das Tempo so niedrig, dass deine Stimme ruhig bleibt.;Setze dich nach dem Call oder nach einigen Minuten bewusst wieder hin.;;Passt gut zu Telefonaten, weil du dich dabei leicht bewegen kannst.;Wenn ein kurzer Weg verfügbar ist, kann ein Telefonat zu einer ruhigen Gehphase werden.;walking-call;95;
meeting-posture-switch;Diskreter Haltungswechsel;Wechsle im Meeting leise die Sitzposition, löse die Schultern und stelle beide Füße neu auf.;2;sit_reset;gentle;focus|back-neck|sit-less;office|homeoffice;no-equipment;meeting;meeting-heavy|mixed-day;spine|shoulders|hips;sitting;discreet;Bleibe im Meeting ruhig sitzen.;Stelle beide Füße bewusst stabil auf den Boden.;Richte den Oberkörper leicht auf.;Löse die Schultern und verändere die Sitzposition minimal.;Halte die neue Position für einige Atemzüge.;;Für Meetings geeignet, weil der Impuls sehr unauffällig bleibt.;Du kannst die Haltung verändern, ohne den Termin oder Call zu unterbrechen.;meeting-discreet;91;requiredSetup 22 -> no-equipment
home-window-reset;Fenster-Reset im Homeoffice;Stehe kurz auf, gehe zum Fenster und nimm ein paar ruhige Atemzüge.;3;breathing;gentle;focus|habit|back-neck;homeoffice;no-equipment;focus|between-tasks;focus-heavy|mixed-day;breathing|eyes|whole-body;mixed;normal;Stehe vom Arbeitsplatz auf.;Gehe ruhig zum Fenster oder zu einem helleren Punkt im Raum.;Blicke kurz in die Ferne.;Nimm einige ruhige Atemzüge.;Gehe bewusst zurück und starte neu in die Aufgabe.;;Im Homeoffice fehlen oft natürliche Wege.;Diese Empfehlung schafft bewusst einen kurzen Bewegungsanlass zwischen Bildschirmphasen.;home-reset;91;requiredSetup 22 -> no-equipment
home-apartment-loop;Kurze Wohnungsrunde;Gehe eine ruhige Runde durch die Wohnung und kehre bewusst an den Arbeitsplatz zurück.;4;walk;gentle;sit-less|more-energy|habit;homeoffice;no-equipment;between-tasks|break|phone;focus-heavy|mixed-day;legs|whole-body;walking;normal;Stehe auf und verlasse kurz den direkten Arbeitsplatz.;Gehe eine ruhige Runde durch die Wohnung.;Lasse Arme und Schultern locker mitschwingen.;Kehre nach wenigen Minuten bewusst zurück.;Setze dich mit neu ausgerichteter Haltung wieder hin.;;Schafft im Homeoffice einen kurzen Bewegungsanlass.;Die Runde ersetzt einen kleinen Weg, der im Büro oft automatisch entstehen würde.;home-walk;88;requiredSetup 22 -> no-equipment
home-focus-block-reset;Reset zwischen Fokusblöcken;Stehe auf, bewege Arme und Schultern locker und starte danach bewusst in den nächsten Block.;3;mobilize;gentle;focus|back-neck|habit;homeoffice;no-equipment;between-tasks|focus;focus-heavy|mixed-day;shoulders|upper-back|whole-body;standing;normal;Stehe zwischen zwei Aufgaben bewusst auf.;Lockere Arme und Schultern für einige Sekunden.;Richte den Oberkörper auf und atme ruhig.;Bewege die Schultern langsam nach hinten unten.;Starte danach bewusst in den nächsten Fokusblock.;;Ideal zwischen zwei Aufgaben, um den nächsten Fokusblock klar zu beginnen.;Der kurze Reset verbindet Bewegung mit einem sauberen Übergang im Arbeitstag.;home-reset;85;requiredSetup 22 -> no-equipment
home-active-break-start;Aktiver Pausenstart;Beginne die Pause mit lockeren Schritten und einer einfachen Mobilisation von Schultern und Hüfte.;5;activate;balanced;more-energy|habit|sit-less;homeoffice;no-equipment;break;mixed-day|focus-heavy;shoulders|hips|legs|whole-body;mixed;visible;Beginne die Pause im Stehen.;Gehe einige lockere Schritte im Raum.;Mobilisiere Schultern mit kleinen Kreisen.;Bewege die Hüfte locker von Seite zu Seite.;Starte danach in deine eigentliche Pause.;;In der Pause darf der Impuls etwas aktiver sein.;Der Pausenstart bringt Bewegung in den Tag, ohne nach Sportprogramm zu wirken.;active-break;83;requiredSetup 22 -> no-equipment
home-end-of-day-reset;Feierabend-Reset;Stehe auf, lockere Nacken und Schultern und räume den Arbeitsplatz mit ein paar Schritten bewusst ab.;4;mobilize;gentle;habit|focus|back-neck;homeoffice;no-equipment;between-tasks;focus-heavy|mixed-day|meeting-heavy;neck|shoulders|whole-body;mixed;normal;Stehe zum Abschluss des Arbeitstags bewusst auf.;Lockere Nacken und Schultern mit kleinen Bewegungen.;Räume den Arbeitsplatz mit ein paar ruhigen Schritten auf.;Atme einmal bewusst tief ein und aus.;Verlasse den Arbeitsplatz körperlich und gedanklich.;;Hilft, den Arbeitstag körperlich abzuschließen.;Gerade im Homeoffice kann ein kurzer Reset den Übergang aus dem Arbeitsmodus unterstützen.;closing-reset;76;"requiredSetup 22 -> no-equipment; movementType von relax zu mobilize verschoben; Entspannung wird über reason/explanation abgebildet."
standing-desk-position-change;Sitz-Steh-Wechsel;Wechsle vom Sitzen ins Stehen oder zurück und richte Bildschirm, Schultern und Stand neu aus.;3;stand;gentle;sit-less|back-neck|habit;office|homeoffice;standing-desk;focus|between-tasks|meeting;focus-heavy|meeting-heavy|mixed-day;spine|shoulders|legs;mixed;normal;Wechsle vom Sitzen ins Stehen oder vom Stehen zurück ins Sitzen.;Richte die Höhe von Tisch oder Bildschirm passend aus.;Stelle beide Füße stabil auf oder setze dich bewusst aufrecht hin.;Lasse die Schultern locker.;Bleibe nicht zu lange statisch in einer Position.;;Unterbricht Sitzen, ohne direkt in weiteres statisches Stehen zu kippen.;Der Wechsel ist sinnvoll, wenn dein aktueller Arbeitsort einen höhenverstellbaren Schreibtisch hat.;stand-desk;94;
standing-desk-calf-pump;Wadenpumpe im Stand;Hebe und senke die Fersen langsam, während du kurz im Stehen arbeitest.;2;activate;gentle;more-energy|sit-less|habit;office|homeoffice;standing-desk;meeting|focus|between-tasks;meeting-heavy|mixed-day;calves|legs;standing;normal;Stelle dich stabil an den höhenverstellbaren Schreibtisch.;Hebe beide Fersen langsam vom Boden ab.;Senke die Fersen kontrolliert wieder ab.;Wiederhole die Bewegung ruhig mehrere Male.;Arbeite danach nur weiter im Stand, wenn es sich angenehm anfühlt.;;Macht eine Stehphase etwas aktiver.;So ersetzt du Sitzen nicht nur durch statisches Stehen, sondern bringst kurz Bewegung hinein.;stand-desk;82;
walking-pad-meeting-light;Leichte Walking-Phase;Gehe langsam während eines passenden Calls oder einer einfachen Arbeitsphase.;12;walking_meeting;balanced;sit-less|more-energy|habit;office|homeoffice;walking-pad;meeting|phone;meeting-heavy|mixed-day;legs|whole-body;walking;normal;Prüfe, ob der Call für langsames Gehen geeignet ist.;Starte das Walking Pad auf sehr niedriger Geschwindigkeit.;Gehe so langsam, dass du ruhig sprechen und zuhören kannst.;Halte Oberkörper und Blick entspannt.;Beende die Walking-Phase, sobald sie dich ablenkt.;;Passt gut zu Calls, weil du dich dabei leicht bewegen kannst.;Das Walking Pad wird nur empfohlen, wenn es am aktuellen Arbeitsort verfügbar ist.;walking-pad;96;
walking-pad-focus-walk;Ruhige Fokus-Walking-Phase;Gehe sehr langsam bei leichter Fokusarbeit und wechsle zurück, sobald es ablenkt.;10;walk;balanced;sit-less|more-energy;office|homeoffice;walking-pad;focus;focus-heavy|mixed-day;legs|whole-body;walking;normal;Wähle eine einfache Aufgabe, die langsames Gehen zulässt.;Starte das Walking Pad sehr langsam.;Halte Hände, Blick und Arbeitstempo entspannt.;Prüfe nach kurzer Zeit, ob die Konzentration stabil bleibt.;Wechsle zurück ins Sitzen oder Stehen, wenn es ablenkt.;;Nur für Aufgaben geeignet, bei denen langsames Gehen nicht stört.;Die Empfehlung bleibt bewusst optional und passt nur, wenn Walking Pad und Aufgabe zusammenpassen.;walking-pad;80;
exercise-space-mobility-flow;Kurzer Mobilisationsflow;Nutze den Platz neben dem Schreibtisch für einfache Bewegungen von Schultern, Hüfte und Rücken.;5;mobilize;balanced;back-neck|more-energy|habit;office|homeoffice;exercise-space;break|between-tasks;mixed-day|focus-heavy;shoulders|hips|spine|whole-body;mixed;visible;Stelle dich neben den Schreibtisch und schaffe etwas Platz.;Kreise die Schultern ruhig nach hinten.;Bewege die Hüfte locker von Seite zu Seite.;Runde und strecke den Rücken sanft im Wechsel.;Kehre nach dem Flow bewusst an den Arbeitsplatz zurück.;;Mit etwas Platz darf der Microbreak aktiver werden.;Der Flow nutzt vorhandenen Raum, bleibt aber kurz und arbeitsalltagstauglich.;exercise-space;87;
exercise-space-active-reset;Aktiver Reset neben dem Tisch;Mache lockere Kniebeugen ohne Tempo oder einen einfachen Seit-Schritt-Reset.;4;activate;active;more-energy|habit;office|homeoffice;exercise-space;break|between-tasks;mixed-day;legs|hips|whole-body;standing;visible;Stelle dich mit etwas Abstand zum Schreibtisch auf.;Mache einige langsame, kleine Kniebeugen oder seitliche Schritte.;Halte das Tempo ruhig und kontrolliert.;Lasse die Atmung gleichmäßig weiterlaufen.;Beende den Impuls, bevor er sich wie Training anfühlt.;;Ideal zwischen zwei Aufgaben, um neue Energie aufzubauen.;Der Impuls ist etwas dynamischer, bleibt aber kurz genug für den Arbeitstag.;exercise-space;79;
small-equipment-band-pull;Leichte Band-Aktivierung;Nutze ein kleines Band oder ähnliches Equipment für ruhige Zugbewegungen auf Schulterhöhe.;4;activate;balanced;back-neck|more-energy|habit;office|homeoffice;small-equipment;break|between-tasks;mixed-day|focus-heavy;shoulders|upper-back|chest;standing;visible;Nimm das Band oder kleine Equipment auf Schulterhöhe vor den Körper.;Stelle dich stabil und aufrecht hin.;Ziehe das Band langsam auseinander oder führe eine ruhige Zugbewegung aus.;Löse die Spannung kontrolliert.;Wiederhole die Bewegung langsam und ohne Schwung.;;Kleines Equipment eignet sich für kurze gezielte Aktivierung.;Die Bewegung bleibt niedrigschwellig und nutzt nur das, was am aktuellen Arbeitsort verfügbar ist.;small-equipment;82;
small-equipment-balance-seat;Aktives Sitzen kurz nutzen;Nutze Balancekissen, Ball oder ähnliches kurz bewusst und wechsle danach wieder stabil zurück.;6;sit_reset;balanced;sit-less|back-neck|habit;office|homeoffice;small-equipment;focus|between-tasks;focus-heavy|mixed-day;spine|hips|legs;sitting;normal;Setze dich bewusst auf das Balancekissen, den Ball oder die Sitzhilfe.;Stelle beide Füße stabil auf den Boden.;Richte den Oberkörper auf und finde eine aktive Sitzposition.;Halte die Position nur kurz und aufmerksam.;Wechsle danach wieder in eine stabile Sitzposition zurück.;;Ein kurzer Wechsel kann Sitzen aktiver machen.;Die Empfehlung nutzt kleines Equipment dosiert, statt daraus eine lange Trainingsphase zu machen.;small-equipment;75;
ergonomic-seat-reset;Haltungswechsel mit Sitzhilfe;Wechsle bewusst zwischen aktivem Sitzen, kurzem Stand und einer entlasteten Sitzposition.;3;sit_reset;gentle;sit-less|back-neck|habit;office|homeoffice;ergonomic-support;focus|meeting|between-tasks;focus-heavy|meeting-heavy|mixed-day;spine|hips|lower-back;mixed;normal;Nutze deine Sitz- oder Stehhilfe bewusst für einen Positionswechsel.;Wechsle kurz in eine aktive Sitzposition.;Richte Rücken und Becken neu aus.;Stehe bei Bedarf kurz auf und lockere die Beine.;Kehre danach in eine stabile, entspannte Arbeitsposition zurück.;;Nutzt deine Sitz- oder Stehhilfe für einen ruhigen Positionswechsel.;Der Wechsel bringt Variation in die Haltung, ohne zusätzlichen Platz oder Equipmentwechsel.;ergonomic-support;86;
ergonomic-standing-support;Stehhilfe bewusst nutzen;Nutze Stehhocker oder Stehmatte kurz und wechsle danach wieder in eine andere Position.;5;stand;gentle;sit-less|back-neck;office|homeoffice;ergonomic-support;meeting|between-tasks;meeting-heavy|mixed-day;legs|feet|lower-back;standing;normal;Wechsle an deine Stehhilfe, Stehmatte oder ähnliche Unterstützung.;Stelle beide Füße stabil auf.;Verteile das Gewicht ruhig und gleichmäßig.;Bleibe nur kurz in dieser Position.;Wechsle danach bewusst wieder in eine andere Haltung.;;Gut für einen ruhigen Positionswechsel am Arbeitsplatz.;Die Empfehlung macht vorhandene ergonomische Unterstützung nutzbar, ohne lange statisch zu stehen.;ergonomic-support;78;
between-tasks-energy-reset;Energie-Reset zwischen Aufgaben;Stehe auf, gehe zehn ruhige Schritte und mobilisiere kurz Handgelenke und Schultern.;3;mobilize;gentle;more-energy|focus|habit;office|homeoffice;no-equipment;between-tasks;mixed-day|focus-heavy;legs|wrists|shoulders;mixed;normal;Stehe zwischen zwei Aufgaben bewusst auf.;Gehe etwa zehn ruhige Schritte.;Lockere die Schultern kurz.;Kreise Hände und Handgelenke langsam.;Starte danach die nächste Aufgabe mit neuem Fokus.;;Ideal zwischen zwei Aufgaben, um kurz neu anzusetzen.;Der Impuls kombiniert einen kleinen Ortswechsel mit ruhiger Mobilisation.;task-transition;89;requiredSetup 22 -> no-equipment
focus-hand-wrist-reset;Handgelenke lockern;Löse Hände und Unterarme mit langsamen Kreisen und kurzem Ausschütteln.;2;mobilize;gentle;focus|back-neck|habit;office|homeoffice;no-equipment;focus;focus-heavy|mixed-day;wrists;sitting;discreet;Löse die Hände kurz von Maus und Tastatur.;Kreise beide Handgelenke langsam in eine Richtung.;Wechsle danach die Richtung.;Schüttle Hände und Finger locker aus.;Lege die Hände anschließend entspannt zurück an den Arbeitsplatz.;;Gut bei viel Tippen oder längerer Bildschirmarbeit.;Die Bewegung ist klein, ruhig und passt in eine kurze Fokus-Unterbrechung.;hands-wrists;80;requiredSetup 22 -> no-equipment
meeting-standing-option;Meeting im Stehen;Wechsle für einen kurzen Teil des Meetings in den Stand und setze dich danach bewusst wieder.;5;stand;gentle;sit-less|focus|habit;office|homeoffice;no-equipment;meeting;meeting-heavy|mixed-day;legs|spine;standing;normal;Prüfe, ob ein ruhiger Positionswechsel im Meeting passt.;Stehe langsam und unauffällig auf.;Stelle beide Füße stabil auf den Boden.;Bleibe für einen kurzen Teil des Meetings im Stand.;Setze dich danach bewusst wieder hin.;;Für Meetings geeignet, wenn ein ruhiger Positionswechsel passt.;Der Wechsel unterbricht Sitzen, ohne das Meeting in eine Bewegungspause zu verwandeln.;meeting-stand;84;requiredSetup 22 -> no-equipment
neck-side-glide-seated;Seitliche Nacken-Dehnung im Sitzen;Dehne den seitlichen Nacken ruhig und klein, ohne den Arbeitsplatz zu verlassen.;2;stretch;gentle;back-neck|focus|habit;office|homeoffice;no-equipment;focus|between-tasks;focus-heavy|mixed-day;neck|shoulders;sitting;discreet;Setze dich aufrecht hin und stelle beide Füße stabil auf den Boden.;Lege eine Hand locker seitlich an den Stuhl oder auf den Oberschenkel.;Neige den Kopf langsam zur Gegenseite, bis ein sanfter Zug entsteht.;Halte die Position für einige ruhige Atemzüge.;Wechsle die Seite und führe die Bewegung langsam aus.;;Entlastet den seitlichen Nacken nach langer Bildschirmarbeit.;Die Übung ist sehr unauffällig und passt gut in kurze Fokus-Unterbrechungen.;neck-stretch;86;neu ergänzt für 80er-Bibliothek
chin-tuck-screen-reset;Kinn-zurück-Reset;Richte den Kopf sanft über der Wirbelsäule aus und löse die typische Bildschirmhaltung.;2;sit_reset;gentle;back-neck|focus|habit;office|homeoffice;no-equipment;focus|meeting|between-tasks;focus-heavy|meeting-heavy|mixed-day;neck|spine|upper-back;sitting;discreet;Setze dich aufrecht hin und blicke geradeaus.;Ziehe das Kinn langsam minimal nach hinten, als würdest du ein Doppelkinn machen.;Halte den Hinterkopf lang und die Schultern locker.;Löse die Position wieder ohne den Kopf nach vorne fallen zu lassen.;Wiederhole die Bewegung ruhig mehrere Male.;;Hilft gegen nach vorne geschobene Kopfhaltung.;Der Reset ist klein, leise und dadurch auch in Meetings oder Fokusphasen gut machbar.;neck-posture;88;neu ergänzt für 80er-Bibliothek
seated-chest-opener;Brustkorb-Öffnung am Stuhl;Öffne den Brustkorb kurz, um die gebeugte Bildschirmhaltung auszugleichen.;3;stretch;gentle;back-neck|focus|habit;office|homeoffice;no-equipment;focus|between-tasks;focus-heavy|mixed-day;chest|shoulders|upper-back;sitting;normal;Setze dich auf die vordere Stuhlkante.;Richte dich auf und lasse die Schultern locker sinken.;Führe die Hände locker hinter den Körper oder an die Stuhlkante.;Öffne den Brustkorb sanft nach vorne oben.;Atme ruhig und löse die Position langsam wieder.;;Gleicht eine runde Sitzhaltung kurz aus.;Die Bewegung passt besonders nach längeren Schreib- oder Bildschirmphasen.;chest-opener;84;neu ergänzt für 80er-Bibliothek
desk-forearm-stretch;Unterarm-Stretch am Schreibtisch;Löse Unterarme und Handgelenke nach Tippen, Mausarbeit oder längerer Bildschirmarbeit.;2;stretch;gentle;focus|back-neck|habit;office|homeoffice;no-equipment;focus|between-tasks;focus-heavy|mixed-day;wrists;desk;discreet;Strecke einen Arm locker nach vorne aus.;Drehe die Handfläche nach oben oder unten.;Ziehe die Finger mit der anderen Hand sanft zurück.;Halte den Zug kurz und atme ruhig weiter.;Wechsle die Seite und bewege danach beide Hände locker aus.;;Gut bei viel Tastatur- und Mausarbeit.;Der Stretch ist kurz, klein und direkt am Schreibtisch umsetzbar.;hands-wrists;83;neu ergänzt für 80er-Bibliothek
ankle-circles-under-desk;Fußgelenke unter dem Tisch kreisen;Bringe Bewegung in Füße und Unterschenkel, ohne sichtbar aufzustehen.;2;mobilize;gentle;sit-less|focus|habit;office|homeoffice;no-equipment;meeting|focus;meeting-heavy|focus-heavy|mixed-day;feet|calves;sitting;discreet;Bleibe ruhig auf dem Stuhl sitzen.;Hebe einen Fuß leicht vom Boden.;Kreise das Fußgelenk langsam in eine Richtung.;Wechsle die Richtung und danach den Fuß.;Stelle beide Füße anschließend bewusst stabil auf den Boden.;;Sehr diskrete Bewegung während langer Sitzphasen.;Die Übung eignet sich besonders, wenn Aufstehen gerade nicht möglich ist.;feet-calf-mobility;82;neu ergänzt für 80er-Bibliothek
seated-calf-raises;Wadenheben im Sitzen;Aktiviere die Waden mit kleinen Fersenbewegungen, während du am Platz bleibst.;2;activate;gentle;sit-less|more-energy|habit;office|homeoffice;no-equipment;meeting|focus|between-tasks;meeting-heavy|mixed-day;calves|legs;sitting;discreet;Setze dich aufrecht hin und stelle beide Füße auf den Boden.;Hebe beide Fersen langsam an, die Zehen bleiben am Boden.;Senke die Fersen kontrolliert wieder ab.;Wiederhole die Bewegung ruhig und gleichmäßig.;Stelle die Füße danach bewusst neu auf.;;Bringt Bewegung in die Beine, ohne den Arbeitsplatz zu verlassen.;Der Impuls ist geeignet, wenn du lange sitzt, aber nicht sichtbar aufstehen möchtest.;calf-activation;85;neu ergänzt für 80er-Bibliothek
seated-glute-squeeze;Sitzmuskel-Aktivierung;Aktiviere Gesäß und Hüfte kurz im Sitzen, um passive Sitzphasen zu unterbrechen.;2;activate;gentle;sit-less|habit|back-neck;office|homeoffice;no-equipment;focus|meeting;focus-heavy|meeting-heavy|mixed-day;hips|legs;sitting;discreet;Setze dich stabil und aufrecht hin.;Spanne beide Gesäßmuskeln kurz und kontrolliert an.;Halte die Spannung für einen Atemzug.;Löse vollständig und bleibe locker sitzen.;Wiederhole die Anspannung einige Male ohne Pressatmung.;;Unterbricht passives Sitzen sehr unauffällig.;Die Übung passt in Situationen, in denen sichtbare Bewegung gerade nicht möglich ist.;hip-activation;78;neu ergänzt für 80er-Bibliothek
desk-scapula-squeeze;Schulterblatt-Reset;Aktiviere den oberen Rücken mit kleinen Schulterblattbewegungen am Arbeitsplatz.;2;activate;gentle;back-neck|focus|habit;office|homeoffice;no-equipment;focus|between-tasks|meeting;focus-heavy|meeting-heavy|mixed-day;shoulders|upper-back;sitting;discreet;Setze oder stelle dich aufrecht hin.;Lasse die Schultern locker nach unten sinken.;Ziehe die Schulterblätter langsam nach hinten unten zusammen.;Halte die Spannung kurz, ohne ins Hohlkreuz zu gehen.;Löse wieder und wiederhole die Bewegung ruhig.;;Stärkt das Gefühl für eine aufrechte Haltung.;Der Impuls ist klein genug für den Arbeitsplatz und hilfreich nach runder Sitzhaltung.;upper-back-activation;87;neu ergänzt für 80er-Bibliothek
seated-hip-opener;Hüft-Öffner im Sitzen;Mobilisiere die Hüfte kurz, ohne den Arbeitsplatz verlassen zu müssen.;3;mobilize;gentle;sit-less|back-neck|habit;office|homeoffice;no-equipment;focus|between-tasks;focus-heavy|mixed-day;hips|lower-back;sitting;normal;Setze dich aufrecht auf den Stuhl.;Lege einen Fuß locker auf das andere Knie, sofern es angenehm ist.;Richte den Rücken lang auf.;Neige den Oberkörper minimal nach vorne, bis ein sanfter Zug entsteht.;Wechsle die Seite nach einigen Atemzügen.;;Hilft, die Hüfte nach längerem Sitzen kurz zu öffnen.;Die Übung passt gut zwischen Aufgaben oder in eine ruhige Fokus-Unterbrechung.;hip-mobility;82;neu ergänzt für 80er-Bibliothek
standing-hip-flexor-reset;Hüftbeuger-Reset im Stand;Gleiche langes Sitzen mit einer kurzen Hüftstreckung im Stand aus.;3;stretch;balanced;sit-less|back-neck|habit;office|homeoffice;no-equipment;between-tasks|break;focus-heavy|mixed-day;hips|lower-back|legs;standing;normal;Stelle dich stabil neben den Schreibtisch.;Setze einen Fuß einen kleinen Schritt nach hinten.;Richte das Becken auf und bleibe im Oberkörper lang.;Schiebe die Hüfte sanft nach vorne, bis ein leichter Zug entsteht.;Wechsle die Seite ruhig und kontrolliert.;;Gut nach langen Sitzphasen.;Der kurze Stand-Stretch bringt Ausgleich in Hüfte und unteren Rücken.;hip-flexor-stretch;86;neu ergänzt für 80er-Bibliothek
standing-side-bend;Seitneigung im Stand;Mobilisiere die Körperseiten und den oberen Rücken mit einer ruhigen Seitneigung.;3;mobilize;gentle;back-neck|focus|habit;office|homeoffice;no-equipment;between-tasks|break;mixed-day|focus-heavy;spine|chest|shoulders;standing;normal;Stelle dich hüftbreit hin.;Führe einen Arm locker über den Kopf.;Neige den Oberkörper langsam zur Gegenseite.;Atme ruhig in die gedehnte Körperseite.;Kehre zur Mitte zurück und wechsle die Seite.;;Löst Spannung in Rumpf und Schulterbereich.;Die Übung bietet einen klaren Gegenpol zur starren Sitzhaltung.;side-body-mobility;81;neu ergänzt für 80er-Bibliothek
standing-march-60;60-Sekunden-Marsch am Platz;Aktiviere Kreislauf und Beine mit einem kurzen, kontrollierten Marsch am Platz.;1;activate;active;more-energy|sit-less|habit;office|homeoffice;no-equipment;break|between-tasks;mixed-day;legs|calves|whole-body;standing;visible;Stelle dich mit etwas Abstand zum Stuhl auf.;Marschere locker auf der Stelle.;Lasse die Arme natürlich mitschwingen.;Halte das Tempo moderat und alltagstauglich.;Beende den Impuls bewusst, bevor du ins Schwitzen kommst.;;Schneller Energieimpuls ohne Equipment.;Der Marsch eignet sich vor allem in Pausen oder im Homeoffice, wenn mehr sichtbare Bewegung okay ist.;active-energy;75;neu ergänzt für 80er-Bibliothek
sit-to-stand-light;5 ruhige Sitz-Steh-Wiederholungen;Wechsle kontrolliert zwischen Sitzen und Stehen, um eine längere Sitzphase aktiv zu unterbrechen.;3;activate;balanced;sit-less|more-energy|habit;office|homeoffice;no-equipment;break|between-tasks;mixed-day|focus-heavy;legs|hips|whole-body;mixed;visible;Setze dich auf die vordere Stuhlkante.;Stelle beide Füße stabil auf den Boden.;Stehe langsam und kontrolliert auf.;Setze dich ebenso kontrolliert wieder hin.;Wiederhole den Wechsel einige Male in ruhigem Tempo.;;Verbindet Positionswechsel mit leichter Aktivierung.;Die Übung macht den Wechsel aus dem Sitzen aktiver, ohne Trainingscharakter zu stark zu betonen.;sit-stand-active;80;neu ergänzt für 80er-Bibliothek
wall-shoulder-slide;Wand-Engel light;Nutze eine freie Wand für eine ruhige Schulter- und Rückenaktivierung.;4;mobilize;balanced;back-neck|focus|habit;office|homeoffice;no-equipment;break|between-tasks;mixed-day;shoulders|upper-back|chest;standing;visible;Stelle dich mit dem Rücken an eine freie Wand.;Richte den Oberkörper auf und lasse die Schultern locker.;Führe die Arme langsam an der Wand nach oben, soweit es angenehm ist.;Senke die Arme kontrolliert wieder ab.;Wiederhole die Bewegung ruhig und ohne Druck.;;Gut für Schulter- und Brustöffnung.;Die Übung ist etwas sichtbarer und passt daher eher in Pausen oder ruhige Bereiche.;wall-mobility;76;neu ergänzt für 80er-Bibliothek
standing-desk-weight-shift;Gewichtsverlagerung am Stehtisch;Mache die Stehphase dynamischer, indem du das Gewicht ruhig von Seite zu Seite verlagerst.;3;stand;gentle;sit-less|habit|back-neck;office|homeoffice;standing-desk;focus|meeting|between-tasks;focus-heavy|meeting-heavy|mixed-day;feet|legs|hips;standing;normal;Stelle dich stabil an den höhenverstellbaren Schreibtisch.;Verteile das Gewicht gleichmäßig auf beide Füße.;Verlagere das Gewicht langsam auf den rechten Fuß.;Wechsle ruhig auf den linken Fuß.;Arbeite danach nur weiter im Stand, wenn die Haltung angenehm bleibt.;;Verhindert statisches Stehen am Stehtisch.;Der Impuls macht eine Stehphase etwas lebendiger, ohne den Arbeitsfluss zu stören.;stand-desk;88;neu ergänzt für 80er-Bibliothek
standing-desk-heel-toe-rock;Fersen-Zehen-Rocker;Aktiviere Waden und Füße während einer kurzen Stehphase am Schreibtisch.;2;activate;gentle;sit-less|more-energy|habit;office|homeoffice;standing-desk;focus|meeting|between-tasks;meeting-heavy|mixed-day;feet|calves|legs;standing;normal;Stelle dich stabil an den Stehtisch.;Rolle langsam von den Fersen auf die Zehen.;Senke die Füße kontrolliert zurück.;Wechsle danach leicht auf die Fersen, wenn es stabil möglich ist.;Bleibe langsam und halte dich bei Bedarf am Tisch fest.;;Bringt Bewegung in eine sonst statische Stehphase.;Die Übung nutzt den Stehtisch, ohne dass du den Arbeitsplatz verlassen musst.;stand-desk-calf;84;neu ergänzt für 80er-Bibliothek
standing-desk-shoulder-reset;Schulter-Reset am Stehtisch;Nutze den Positionswechsel am Stehtisch für eine kurze Schulter- und Brustöffnung.;3;mobilize;gentle;back-neck|focus|habit;office|homeoffice;standing-desk;focus|between-tasks;focus-heavy|mixed-day;shoulders|chest|upper-back;standing;normal;Stelle dich aufrecht an den höhenverstellbaren Schreibtisch.;Lasse die Arme locker hängen.;Rolle die Schultern langsam nach hinten unten.;Öffne den Brustkorb kurz und atme ruhig ein.;Kehre danach in eine entspannte Arbeitsposition zurück.;;Kombiniert Stehen mit aktiver Haltungspflege.;Die Empfehlung verhindert, dass der Stehmodus nur passiv genutzt wird.;stand-desk-upper-back;83;neu ergänzt für 80er-Bibliothek
standing-desk-focus-swap;Fokus-Wechsel: 15 Minuten Stehen;Nutze einen überschaubaren Teil einer Fokusaufgabe im Stehen und wechsle danach bewusst zurück.;15;stand;balanced;sit-less|focus|habit;office|homeoffice;standing-desk;focus;focus-heavy|mixed-day;legs|spine|whole-body;standing;normal;Wähle eine Aufgabe, die sich gut im Stehen bearbeiten lässt.;Stelle Tisch und Bildschirm passend ein.;Arbeite bewusst nur einen kurzen Abschnitt im Stehen.;Prüfe zwischendurch Schultern, Füße und Konzentration.;Wechsle danach wieder in eine andere Position.;;Hilft, Sitzzeit geplant zu unterbrechen.;Die Empfehlung setzt Stehen dosiert ein und vermeidet zu lange statische Stehphasen.;stand-desk-focus;90;neu ergänzt für 80er-Bibliothek
standing-desk-meeting-swap;Meeting-Abschnitt im Stehen;Verbringe einen kurzen, passenden Teil eines Meetings im Stehen und setze dich danach bewusst wieder.;8;stand;gentle;sit-less|focus|habit;office|homeoffice;standing-desk;meeting;meeting-heavy|mixed-day;legs|spine;standing;normal;Prüfe, ob ein ruhiger Stehwechsel im Meeting passt.;Fahre den Tisch leise hoch oder wechsle bereits vor Meetingbeginn in den Stand.;Stelle beide Füße stabil auf.;Bleibe nur für einen Teil des Meetings im Stehen.;Wechsle danach bewusst zurück ins Sitzen oder in Bewegung.;;Meeting-tauglicher Positionswechsel mit Stehtisch.;Die Empfehlung nutzt vorhandenes Setup, ohne aus einem Meeting eine Bewegungseinheit zu machen.;meeting-stand-desk;87;neu ergänzt für 80er-Bibliothek
standing-desk-back-extension;Rückenstreckung am Stehtisch;Entlaste den Rücken mit einer kurzen, kontrollierten Streckung am Tisch.;3;stretch;gentle;back-neck|habit;office|homeoffice;standing-desk;between-tasks|break;focus-heavy|mixed-day;lower-back|spine|chest;standing;normal;Stelle dich an den Stehtisch und lege die Hände locker auf die Tischkante.;Tritt einen kleinen Schritt zurück.;Schiebe die Hüfte leicht nach hinten und verlängere den Rücken.;Atme ruhig in die Position.;Kehre langsam in den Stand zurück.;;Gut als Ausgleich nach längerer Sitzhaltung.;Die Bewegung nutzt den Tisch als Orientierung und bleibt kurz dosiert.;stand-desk-back;80;neu ergänzt für 80er-Bibliothek
walking-pad-email-scan;Walking Pad für E-Mail-Sichtung;Nutze sehr langsames Gehen für eine einfache, nicht kreative Aufgabe wie E-Mails sichten.;10;walk;balanced;sit-less|more-energy|habit;office|homeoffice;walking-pad;focus|between-tasks;mixed-day|focus-heavy;legs|whole-body;walking;normal;Wähle eine einfache Aufgabe mit geringer Konzentrationsanforderung.;Starte das Walking Pad langsam.;Scanne E-Mails oder sortiere einfache Informationen.;Halte das Gehen so ruhig, dass du nicht abgelenkt wirst.;Beende die Walking-Phase nach kurzer Zeit bewusst.;;Nutzt das Walking Pad für leichte Arbeitsaufgaben.;Die Empfehlung vermeidet komplexe Fokusarbeit und passt eher zu Routinetätigkeiten.;walking-pad;88;neu ergänzt für 80er-Bibliothek
walking-pad-phone-pace;Telefonat auf dem Walking Pad;Gehe sehr langsam während eines geeigneten Telefonats und halte die Stimme ruhig.;12;walking_meeting;balanced;sit-less|more-energy|habit;office|homeoffice;walking-pad;phone|meeting;meeting-heavy|mixed-day;legs|whole-body;walking;normal;Prüfe, ob das Telefonat ohne Bildschirmarbeit funktioniert.;Starte das Walking Pad auf sehr niedriger Geschwindigkeit.;Gehe so langsam, dass Atmung und Stimme ruhig bleiben.;Halte bei wichtigen Gesprächsphasen kurz an, wenn nötig.;Beende den Impuls bewusst nach einigen Minuten.;;Sehr passend für Telefonate ohne intensive Bildschirmarbeit.;So wird ein Call zur leichten Bewegungszeit, ohne die Gesprächsqualität zu stören.;walking-pad-call;92;neu ergänzt für 80er-Bibliothek
walking-pad-after-lunch;Ruhiges Nach-dem-Essen-Gehen;Nutze eine sehr leichte Walking-Phase nach der Pause, um wieder in Bewegung zu kommen.;8;walk;gentle;more-energy|habit|sit-less;office|homeoffice;walking-pad;break|between-tasks;mixed-day;legs|whole-body;walking;normal;Starte nach einer Pause mit sehr niedriger Geschwindigkeit.;Gehe locker und ohne Leistungsdruck.;Halte Schultern und Arme entspannt.;Nutze die Zeit für einen ruhigen Übergang zurück in den Arbeitstag.;Beende die Walking-Phase, bevor sie anstrengend wird.;;Sanfter Übergang nach einer Pause.;Die Empfehlung bringt Energie zurück, bleibt aber sehr niedrigschwellig.;walking-pad-energy;82;neu ergänzt für 80er-Bibliothek
walking-pad-admin-block;Admin-Block im langsamen Gehen;Kombiniere einfache administrative Aufgaben mit sehr langsamem Walking Pad.;15;walk;balanced;sit-less|habit|more-energy;office|homeoffice;walking-pad;between-tasks|focus;mixed-day;legs|whole-body;walking;normal;Sammle einfache administrative Aufgaben für einen kurzen Block.;Starte das Walking Pad langsam.;Bearbeite nur Aufgaben, die wenig Feinmotorik oder hohe Konzentration brauchen.;Prüfe regelmäßig, ob das Gehen weiterhin unterstützt.;Wechsle danach bewusst zurück in eine andere Arbeitsposition.;;Gut für Routinetätigkeiten statt tiefer Fokusarbeit.;Das Walking Pad wird gezielt für passende Aufgaben genutzt und nicht dauerhaft erzwungen.;walking-pad-admin;86;neu ergänzt für 80er-Bibliothek
walking-pad-listening-meeting;Zuhör-Meeting im Gehen;Nutze ein Meeting mit hohem Zuhöranteil für sehr langsames Gehen.;10;walking_meeting;balanced;sit-less|more-energy|focus;office|homeoffice;walking-pad;meeting;meeting-heavy|mixed-day;legs|whole-body;walking;normal;Prüfe, ob du im Meeting überwiegend zuhörst.;Starte das Walking Pad vor oder zu Beginn des passenden Abschnitts langsam.;Gehe so ruhig, dass Kamera, Ton und Aufmerksamkeit stabil bleiben.;Stoppe das Walking Pad bei aktiven Beiträgen, wenn es dich stört.;Wechsle nach dem Abschnitt zurück.;;Passt für Meetings mit wenig eigener Bildschirmarbeit.;Die Empfehlung ist kontextabhängig und vermeidet Walking bei ungeeigneten Meetingteilen.;walking-pad-meeting;90;neu ergänzt für 80er-Bibliothek
walking-pad-reset-end;Walking-Pad-Abschlussrunde;Schließe einen Arbeitsblock mit einer kurzen, sehr ruhigen Walking-Phase ab.;6;walk;gentle;habit|sit-less|focus;office|homeoffice;walking-pad;between-tasks;focus-heavy|mixed-day;legs|whole-body;walking;normal;Beende den aktuellen Arbeitsblock bewusst.;Starte das Walking Pad sehr langsam.;Gehe einige Minuten ohne neue komplexe Aufgabe.;Sortiere gedanklich den nächsten Schritt.;Stoppe und starte danach bewusst neu.;;Hilft beim Übergang zwischen Aufgaben.;Die Bewegung verbindet einen mentalen Reset mit leichter Aktivität.;walking-pad-transition;81;neu ergänzt für 80er-Bibliothek
hallway-focus-transition;Flur-Übergang nach Fokusblock;Nutze einen kurzen Flurweg als klare Grenze zwischen zwei Arbeitsblöcken.;4;walk;gentle;focus|sit-less|habit;office|homeoffice;hallway;between-tasks;focus-heavy|mixed-day;legs|whole-body;walking;normal;Beende den Fokusblock bewusst am Arbeitsplatz.;Stehe auf und gehe einen kurzen Weg durch den Flur.;Gehe ohne Handy oder neue Aufgabe.;Atme ruhig und lasse Schultern locker.;Kehre zurück und starte den nächsten Block bewusst.;;Macht den Übergang zwischen Aufgaben körperlich spürbar.;Der Flur wird als einfacher Bewegungsanker genutzt.;hallway-transition;89;neu ergänzt für 80er-Bibliothek
hallway-shoulder-walk;Schulter-locker-Gehen im Flur;Kombiniere einen kurzen Flurweg mit lockerem Schulterlösen.;4;walk;gentle;back-neck|more-energy|habit;office|homeoffice;hallway;break|between-tasks;mixed-day;shoulders|legs|whole-body;walking;normal;Gehe in ruhigem Tempo durch den Flur.;Lasse die Arme locker mitschwingen.;Ziehe die Schultern einmal sanft hoch und lasse sie wieder fallen.;Kreise die Schultern klein, wenn der Raum es zulässt.;Kehre ohne Eile an den Arbeitsplatz zurück.;;Verbindet Gehen mit Schulterentlastung.;Der Impuls ist alltagstauglich und nutzt vorhandene Wege sinnvoll.;hallway-walk-shoulders;84;neu ergänzt für 80er-Bibliothek
hallway-phone-pacing;Telefonat im Flur;Nutze ein passendes Telefonat für ruhiges Auf-und-ab-Gehen im Flur.;8;walk;gentle;sit-less|more-energy|habit;office|homeoffice;hallway;phone;meeting-heavy|mixed-day;legs|whole-body;walking;normal;Prüfe, ob der Call nicht vertraulich oder störend für andere ist.;Wähle einen ruhigen Flurabschnitt.;Gehe langsam und gleichmäßig auf und ab.;Halte das Tempo niedrig, damit die Stimme ruhig bleibt.;Setze dich nach dem Telefonat bewusst wieder oder bleibe kurz stehen.;;Macht Telefonate zu natürlicher Bewegungszeit.;Die Empfehlung passt besonders, wenn ein Flur verfügbar ist und der Call dafür geeignet ist.;hallway-phone;92;neu ergänzt für 80er-Bibliothek
hallway-water-refill;Wasserholen als Bewegungsanker;Verknüpfe Trinken mit einem kurzen Gehimpuls durch Büro oder Wohnung.;4;walk;gentle;sit-less|habit|more-energy;office|homeoffice;hallway;between-tasks|break;mixed-day|focus-heavy;legs|whole-body;walking;normal;Nimm eine leere Flasche oder ein Glas als Anlass.;Stehe auf und gehe bewusst zum Wasserholen.;Gehe ruhig und ohne nebenbei aufs Handy zu schauen.;Trinke einen Schluck und richte dich kurz auf.;Gehe zurück und starte bewusst neu.;;Einfacher Anker für regelmäßige Bewegung.;Der Impuls nutzt eine ohnehin sinnvolle Handlung und macht Bewegung leichter zur Gewohnheit.;habit-water-walk;88;neu ergänzt für 80er-Bibliothek
hallway-meeting-buffer;Pufferweg vor dem nächsten Meeting;Nutze zwei bis drei Minuten vor einem Meeting für einen kurzen Weg.;3;walk;gentle;focus|habit|sit-less;office|homeoffice;hallway;between-tasks|meeting;meeting-heavy|mixed-day;legs|breathing|whole-body;walking;normal;Beende die vorherige Aufgabe bewusst.;Stehe vor dem nächsten Meeting kurz auf.;Gehe einen kleinen Weg durch Flur oder Raum.;Atme ruhig und sortiere den nächsten Termin gedanklich.;Setze dich rechtzeitig vor Meetingbeginn wieder hin.;;Hilft, Meeting an Meeting nicht nur sitzend zu überbrücken.;Der kurze Pufferweg schafft Bewegung und einen mentalen Wechsel.;meeting-buffer-walk;86;neu ergänzt für 80er-Bibliothek
hallway-after-lunch-loop;Ruhige Runde nach der Pause;Nutze nach der Pause einen kurzen Weg, bevor du wieder länger sitzt.;5;walk;balanced;more-energy|sit-less|habit;office|homeoffice;hallway;break|between-tasks;mixed-day;legs|whole-body;walking;normal;Starte nach der Pause nicht direkt im Sitzen.;Gehe eine kurze Runde durch den Flur oder geeigneten Bereich.;Halte das Tempo ruhig und alltagstauglich.;Atme gleichmäßig und lasse die Schultern locker.;Kehre danach bewusst an den Arbeitsplatz zurück.;;Sanfter Energieimpuls nach einer Pause.;Die Runde hilft, wieder in den Arbeitsmodus zu kommen, ohne zu intensiv zu werden.;hallway-energy;82;neu ergänzt für 80er-Bibliothek
stairs-meeting-buffer;Treppenpuffer zwischen Terminen;Nutze eine kurze Treppe zwischen zwei Terminen als aktiveren Wechsel.;4;activate;balanced;more-energy|sit-less|habit;office|homeoffice;stairs;between-tasks|break;meeting-heavy|mixed-day;legs|calves|whole-body;stairs;visible;Gehe zur nächstgelegenen Treppe.;Steige ein bis zwei Etagen oder einige Stufen in ruhigem Tempo.;Bleibe so entspannt, dass du danach normal weiterarbeiten kannst.;Nutze den Rückweg ebenfalls ruhig und kontrolliert.;Setze dich danach bewusst wieder oder starte in den nächsten Termin.;;Aktiver als ein normaler Flurweg, aber kurz dosiert.;Die Treppe eignet sich besonders als Puffer zwischen Terminen oder Aufgaben.;stairs-buffer;86;neu ergänzt für 80er-Bibliothek
stairs-calf-activation;Wadenaktivierung an der Stufe;Aktiviere Waden und Füße kurz an einer Stufe oder Treppenkante.;3;activate;balanced;more-energy|habit|sit-less;office|homeoffice;stairs;break|between-tasks;mixed-day;calves|feet|legs;stairs;visible;Stelle dich stabil auf eine Stufe und halte dich bei Bedarf am Geländer fest.;Hebe die Fersen langsam an.;Senke sie kontrolliert wieder ab.;Führe die Bewegung ruhig und ohne Schwung aus.;Gehe danach langsam zurück an den Arbeitsplatz.;;Kurzer Aktivierungsimpuls für Beine und Füße.;Die Übung nutzt die Treppe gezielt und bleibt zeitlich klar begrenzt.;stairs-calf;78;neu ergänzt für 80er-Bibliothek
stairs-one-floor-reset;Eine Etage bewusst gehen;Gehe eine Etage bewusst langsam hoch oder runter und nutze sie als Sitzunterbrechung.;5;walk;balanced;sit-less|more-energy|habit;office|homeoffice;stairs;break|between-tasks;mixed-day|meeting-heavy;legs|calves|whole-body;stairs;visible;Wähle eine nahegelegene Treppe.;Gehe eine Etage in ruhigem Tempo.;Achte darauf, nicht außer Atem zu kommen.;Nutze oben oder unten einen kurzen Moment zum Durchatmen.;Kehre kontrolliert zurück.;;Einfacher, klarer Bewegungsimpuls mit Treppe.;Die Empfehlung ist aktiver als ein Flurweg, bleibt aber bewusst niedrigschwellig.;stairs-walk;84;neu ergänzt für 80er-Bibliothek
stairs-active-mini;Aktive Treppen-Minute;Nutze die Treppe für eine kurze aktive Minute, wenn du bewusst mehr Energie möchtest.;2;activate;active;more-energy|habit|sit-less;office|homeoffice;stairs;break;mixed-day;legs|calves|whole-body;stairs;visible;Gehe zur Treppe und starte mit ruhigem Tempo.;Steige für etwa eine Minute kontrolliert Stufen hoch und runter.;Halte dich bei Bedarf am Geländer fest.;Beende den Impuls, bevor er sich zu intensiv anfühlt.;Gehe ruhig zurück und atme gleichmäßig weiter.;;Kurzer Energieimpuls für aktivere Nutzer.;Die Übung ist bewusst als sichtbare Pausenoption gedacht und nicht für Meetings geeignet.;stairs-active;72;neu ergänzt für 80er-Bibliothek
exercise-space-squat-light;Mini-Kniebeugen neben dem Tisch;Aktiviere Beine und Hüfte mit kleinen, kontrollierten Kniebeugen.;4;activate;active;more-energy|habit|sit-less;office|homeoffice;exercise-space;break|between-tasks;mixed-day;legs|hips|whole-body;standing;visible;Stelle dich mit etwas Platz neben den Schreibtisch.;Positioniere die Füße etwa hüftbreit.;Beuge die Knie nur so weit, wie es kontrolliert angenehm ist.;Stehe langsam wieder auf.;Wiederhole die Bewegung ruhig und ohne Tempo.;;Aktiver Impuls für mehr Energie.;Mit etwas Platz wird aus einer Sitzunterbrechung eine kurze Aktivierung.;exercise-space-legs;78;neu ergänzt für 80er-Bibliothek
exercise-space-side-steps;Seitliche Schritte;Gehe einige kontrollierte Schritte nach rechts und links, um Beine und Hüfte zu aktivieren.;3;activate;balanced;more-energy|sit-less|habit;office|homeoffice;exercise-space;break|between-tasks;mixed-day;hips|legs|whole-body;standing;visible;Stelle dich mit etwas freiem Platz auf.;Gehe zwei bis drei kleine Schritte zur Seite.;Wechsle die Richtung und gehe zurück.;Halte Knie und Füße locker nach vorne ausgerichtet.;Wiederhole den Ablauf ruhig mehrere Male.;;Bringt seitliche Bewegung in den Arbeitstag.;Die Übung ist kurz, einfach und sorgt für Abwechslung zu Sitzen und Gehen geradeaus.;exercise-space-side-steps;80;neu ergänzt für 80er-Bibliothek
exercise-space-spine-flow;Wirbelsäulen-Flow im Stand;Mobilisiere Rücken und Brustwirbelsäule mit einem kurzen, ruhigen Bewegungsflow.;5;mobilize;balanced;back-neck|focus|habit;office|homeoffice;exercise-space;break|between-tasks;focus-heavy|mixed-day;spine|upper-back|lower-back;standing;visible;Stelle dich mit etwas Platz auf.;Runde den oberen Rücken sanft und lasse den Kopf locker sinken.;Richte dich Wirbel für Wirbel wieder auf.;Drehe den Oberkörper langsam nach rechts und links.;Schließe mit einer ruhigen aufrechten Haltung ab.;;Qualitativer Bewegungsimpuls für Rücken und Fokus.;Der Flow gibt dem Rücken mehrere Bewegungsrichtungen statt nur einen Positionswechsel.;exercise-space-spine;85;neu ergänzt für 80er-Bibliothek
exercise-space-lunge-reach;Ausfallschritt mit Armreichweite light;Kombiniere einen kleinen Ausfallschritt mit einer sanften Armbewegung.;4;mobilize;active;more-energy|back-neck|habit;office|homeoffice;exercise-space;break;mixed-day;hips|legs|chest|whole-body;standing;visible;Stelle dich mit ausreichend Platz auf.;Setze einen Fuß in einen kleinen Ausfallschritt nach hinten.;Hebe den gegenüberliegenden Arm locker nach oben.;Kehre kontrolliert in den Stand zurück.;Wechsle die Seite und bleibe im Bewegungsradius angenehm.;;Aktiver Ganzkörperimpuls für Pausen.;Die Übung bringt Hüfte, Beine und Brustkorb in Bewegung und eignet sich eher für sichtbare Pausen.;exercise-space-whole-body;73;neu ergänzt für 80er-Bibliothek
exercise-space-floor-back-reset;Rücken-Reset auf dem Boden;Nutze freien Platz für einen kurzen Rücken-Reset in Rückenlage oder auf einer Matte.;6;stretch;gentle;back-neck|habit|focus;homeoffice;exercise-space;break;focus-heavy|mixed-day;lower-back|spine|hips;floor;visible;Lege dich für kurze Zeit auf den Rücken, wenn der Ort dafür geeignet ist.;Stelle die Füße auf und lasse den Rücken ruhig sinken.;Kippe das Becken leicht vor und zurück.;Ziehe bei Bedarf ein Knie sanft Richtung Brust.;Setze dich langsam wieder auf und stehe ruhig auf.;;Gute Homeoffice-Option für spürbare Entlastung.;Diese Übung ist bewusst sichtbar und eher für Homeoffice oder private Pausen geeignet.;floor-back-reset;77;neu ergänzt für 80er-Bibliothek
exercise-space-power-reset;Power-Reset ohne Springen;Aktiviere dich mit dynamischen, aber leisen Bewegungen ohne Springen.;3;activate;active;more-energy|habit|sit-less;homeoffice;exercise-space;break|between-tasks;mixed-day;legs|hips|whole-body;standing;visible;Stelle dich mit ausreichend Platz auf.;Mache lockere Kniebeugen oder große Schritte am Platz.;Bewege die Arme kontrolliert mit.;Halte die Bewegung leise und ohne Springen.;Stoppe nach kurzer Zeit und atme ruhig weiter.;;Aktiver Energieimpuls für Homeoffice-Pausen.;Die Übung bringt Dynamik, bleibt aber ohne Sprünge und benötigt nur etwas Platz.;exercise-space-power;74;neu ergänzt für 80er-Bibliothek
small-equipment-band-row;Band-Rudern light;Aktiviere oberen Rücken und Schultern mit ruhigen Zugbewegungen mit Band.;4;activate;balanced;back-neck|more-energy|habit;office|homeoffice;small-equipment;break|between-tasks;mixed-day|focus-heavy;upper-back|shoulders;standing;visible;Nimm das Band sicher in beide Hände.;Stelle dich aufrecht hin und halte die Ellbogen nah am Körper.;Ziehe die Hände langsam Richtung Oberkörper.;Spüre die Schulterblätter, ohne die Schultern hochzuziehen.;Löse die Spannung kontrolliert und wiederhole ruhig.;;Gezielte Aktivierung für Rücken und Schulterbereich.;Kleines Equipment macht den Impuls klarer und hochwertiger, bleibt aber kurz.;band-upper-back;84;neu ergänzt für 80er-Bibliothek
small-equipment-ball-foot-roll;Fußsohlen-Rollout;Rolle mit einem kleinen Ball oder ähnlichem Hilfsmittel kurz die Fußsohle aus.;3;mobilize;gentle;habit|focus|back-neck;office|homeoffice;small-equipment;focus|between-tasks;focus-heavy|mixed-day;feet|calves;sitting;normal;Setze dich stabil auf den Stuhl.;Lege einen kleinen Ball unter eine Fußsohle.;Rolle langsam von vorne nach hinten.;Verweile kurz an angenehmen Stellen.;Wechsle die Seite und stelle danach beide Füße stabil auf.;;Ruhiger Reset für Füße und Körperwahrnehmung.;Die Übung ist klein, aber wertvoll nach langem Sitzen oder Stehen.;foot-roll;76;neu ergänzt für 80er-Bibliothek
small-equipment-mini-band-steps;Mini-Band Seit-Schritte;Nutze ein kleines Band für wenige seitliche Schritte in einer aktiven Pause.;4;activate;active;more-energy|habit|sit-less;homeoffice;small-equipment;break;mixed-day;hips|legs|whole-body;standing;visible;Lege das Mini-Band an eine geeignete Position, zum Beispiel oberhalb der Knie.;Stelle dich stabil und leicht gebeugt hin.;Gehe kleine kontrollierte Schritte zur Seite.;Wechsle die Richtung nach wenigen Schritten.;Beende die Übung nach kurzer Zeit und lockere die Beine.;;Aktiver Impuls für Hüfte und Beine.;Die Übung ist eher für Homeoffice oder private Pausen geeignet, weil sie sichtbar ist.;mini-band-activation;70;neu ergänzt für 80er-Bibliothek
small-equipment-mobility-stick;Schulter-Mobilisation mit Stab oder Band;Nutze ein leichtes Hilfsmittel für eine kontrollierte Schulter- und Brustöffnung.;4;mobilize;balanced;back-neck|focus|habit;office|homeoffice;small-equipment;break|between-tasks;mixed-day|focus-heavy;shoulders|chest|upper-back;standing;visible;Nimm einen Stab, ein Band oder ein ähnliches leichtes Hilfsmittel.;Halte es etwas breiter als schulterbreit.;Führe die Arme langsam nach vorne oben, soweit es angenehm ist.;Senke sie kontrolliert wieder ab.;Bleibe ruhig und vermeide ruckartige Bewegungen.;;Verbessert die Qualität der Schulter-Mobilisation.;Das Equipment hilft, die Bewegung geführt und bewusst auszuführen.;equipment-shoulder-mobility;79;neu ergänzt für 80er-Bibliothek
ergonomic-seat-pelvic-tilt;Becken-Kippbewegung auf Sitzhilfe;Nutze eine Sitzhilfe für kleine Beckenbewegungen statt statischem Sitzen.;3;sit_reset;gentle;sit-less|back-neck|habit;office|homeoffice;ergonomic-support;focus|meeting|between-tasks;focus-heavy|meeting-heavy|mixed-day;hips|lower-back|spine;sitting;discreet;Setze dich stabil auf die ergonomische Sitzhilfe.;Stelle beide Füße sicher auf den Boden.;Kippe das Becken langsam minimal nach vorne und zurück.;Halte Oberkörper und Atmung ruhig.;Kehre anschließend in eine neutrale Sitzposition zurück.;;Macht Sitzen bewusster und beweglicher.;Die Übung nutzt vorhandene Sitzunterstützung sehr unauffällig.;ergonomic-seat;84;neu ergänzt für 80er-Bibliothek
ergonomic-standing-mat-shift;Stehmatten-Wechsel;Nutze eine Stehmatte oder Stehhilfe für kleine Gewichtswechsel statt starrem Stehen.;4;stand;gentle;sit-less|back-neck|habit;office|homeoffice;ergonomic-support;focus|meeting|between-tasks;meeting-heavy|mixed-day;feet|legs|lower-back;standing;normal;Stelle dich auf die Stehmatte oder an die Stehhilfe.;Verteile das Gewicht gleichmäßig.;Verlagere das Gewicht langsam nach vorne, hinten und zu den Seiten.;Halte Schultern und Knie locker.;Wechsle danach bewusst wieder in eine andere Position.;;Verbessert die Qualität einer Stehphase.;Die Unterstützung wird nicht als Dauerposition, sondern als kurzer Wechsel genutzt.;ergonomic-stand;82;neu ergänzt für 80er-Bibliothek
box-breathing-focus;Box-Breathing Fokusreset;Nutze eine kurze, strukturierte Atmung, um nach Bildschirm- oder Meetingphasen ruhiger neu zu starten.;3;breathing;gentle;focus|habit|back-neck;office|homeoffice;no-equipment;focus|meeting|between-tasks;focus-heavy|meeting-heavy|mixed-day;breathing;sitting;discreet;Setze dich aufrecht hin und lasse die Schultern locker.;Atme langsam ein und zähle innerlich bis vier.;Halte die Luft kurz und ruhig.;Atme langsam aus und zähle wieder bis vier.;Wiederhole einige ruhige Atemzyklen und starte dann bewusst neu.;;Sehr unauffälliger Fokus- und Ruheimpuls.;Die strukturierte Atmung passt besonders, wenn körperlich sichtbare Bewegung gerade nicht möglich ist.;breathing-focus;86;neu ergänzt für 80er-Bibliothek
